{
    "utterances": [
        {
            "text": "ey alex",
            "entities": [
                {
                    "entity": "wake_word:wake_word",
                    "start": 0,
                    "end": 7,
                    "body": "ey alex",
                    "entities": []
                }
            ],
            "traits": [],
            "intent": "wake_word"
        },
        {
            "text": "hey alex",
            "entities": [
                {
                    "entity": "wake_word:wake_word",
                    "start": 0,
                    "end": 8,
                    "body": "hey alex",
                    "entities": []
                }
            ],
            "traits": [],
            "intent": "wake_word"
        }
    ]
}
