{
    "name": "wake_word",
    "roles": [
        "wake_word"
    ],
    "lookups": [
        "free-text",
        "keywords"
    ],
    "keywords": [
        {
            "keyword": "ey alex",
            "synonyms": [
                "a alex",
                "elow alex",
                "ey alex",
                "high alex",
                "yellow alex"
            ]
        },
        {
            "keyword": "hey alex",
            "synonyms": [
                "hello alex",
                "hey alex",
                "hi alex"
            ]
        }
    ]
}
